64,3,21174,4,9,1,5,3,1,1,0,0,40,1,-1
38,3,22245,11,14,1,11,3,1,1,0,0,72,6,-1
37,3,22463,7,11,1,2,3,1,1,0,1977,40,1,-1
36,3,24106,4,9,1,2,3,1,1,3103,0,40,1,-1
39,3,24342,1,13,1,6,3,1,1,0,0,40,1,-1
52,3,25826,13,6,1,2,3,1,1,0,1887,47,1,-1
38,3,26698,4,9,1,1,3,1,1,0,0,40,1,1
33,3,26973,7,11,1,1,1,1,0,0,0,40,1,-1
42,2,27661,1,13,1,4,3,1,1,0,0,45,1,1
18,6,28311,3,7,3,6,2,1,0,0,0,35,1,1
55,3,28735,4,9,2,9,6,3,0,0,0,45,1,1
37,4,29054,2,10,1,9,3,1,1,0,0,42,1,-1
32,3,29312,2,10,3,7,2,1,1,0,0,40,1,1
30,3,29662,6,12,1,3,1,1,0,0,0,25,1,-1
35,3,29874,2,10,1,7,3,1,1,0,0,40,1,1
61,2,30073,4,9,1,10,3,1,1,0,1848,60,1,-1
35,3,30381,1,13,1,4,3,1,1,0,0,45,1,-1
38,3,31033,1,13,1,4,3,1,1,7298,0,40,1,-1
49,5,31339,4,9,1,2,3,1,1,0,0,40,1,1
25,3,31350,4,9,3,7,4,1,1,0,0,60,3,1
60,3,31577,4,9,1,11,3,1,1,0,0,60,1,-1
58,2,31732,1,13,1,5,3,1,1,0,0,50,1,1
44,3,32000,2,10,1,1,3,1,1,0,0,18,1,-1
35,3,32528,4,9,1,7,3,1,1,0,0,45,1,1
37,3,32668,1,13,1,8,3,1,1,0,0,43,1,-1
28,6,32922,7,11,3,4,4,1,1,0,0,60,1,1
48,4,33109,1,13,2,5,6,1,1,0,0,58,1,-1
44,2,33121,2,10,1,10,3,1,1,0,0,72,1,1
51,3,33304,4,9,1,2,3,1,1,0,0,40,1,1
24,6,33339,2,10,3,6,2,1,1,0,0,20,1,1
35,3,33975,11,14,3,6,4,1,1,0,0,45,1,-1
17,6,34088,10,8,3,6,2,1,0,0,0,25,1,1
57,3,34269,4,9,5,11,6,1,1,0,653,42,1,-1
53,3,34368,2,10,1,5,3,1,1,0,0,45,1,-1
41,6,34987,2,10,1,10,3,1,1,0,0,54,1,-1
33,3,35378,1,13,1,4,1,1,0,0,0,45,1,-1
49,4,35406,4,9,5,5,4,1,0,0,0,20,1,1
39,3,35890,6,12,1,8,3,1,1,0,0,40,1,1
45,1,36032,4,9,2,13,6,5,0,0,0,40,1,1
65,6,36039,4,9,1,6,3,1,1,0,0,40,1,-1
45,6,36228,1,13,1,10,3,1,1,4386,0,35,1,-1
27,3,36440,1,13,3,4,4,1,0,0,0,40,1,1
46,6,37672,4,9,2,6,4,1,0,0,0,15,1,1
38,2,37778,4,9,3,10,4,1,1,0,0,60,1,1
28,3,37821,2,10,2,4,6,1,0,0,0,45,1,1
49,3,38563,1,13,3,5,4,1,0,0,0,56,1,-1
21,1,39236,2,10,3,6,4,1,0,0,0,8,1,1
60,3,39352,9,4,3,11,4,1,1,0,0,48,1,-1
48,3,39986,4,9,3,7,4,1,1,0,0,40,1,1
37,3,40955,1,13,3,6,4,1,1,0,0,30,1,1
21,6,41356,2,10,3,6,2,1,0,0,0,35,1,1
19,3,42069,4,9,3,11,2,1,1,2176,0,45,1,1
23,3,42706,2,10,3,6,4,1,1,0,0,45,1,1
44,3,43711,6,12,1,4,3,1,1,7688,0,40,1,-1
52,5,43909,4,9,2,9,6,5,0,0,0,40,1,1
52,2,44728,2,10,1,4,3,1,1,0,0,55,1,-1
31,3,45781,11,14,3,6,4,1,0,14084,0,50,1,-1
45,3,46406,11,14,1,6,3,1,1,0,0,36,3,-1
44,3,48087,1,13,1,5,3,1,1,0,0,40,1,-1
38,3,48093,4,9,1,7,3,1,1,0,0,40,1,1
34,2,49707,4,9,1,5,3,1,1,0,0,70,1,1
25,4,50053,1,13,3,1,4,1,1,0,0,45,1,1
25,3,50053,4,9,3,3,4,5,1,0,0,40,9,1
50,5,50459,4,9,1,5,3,1,1,0,0,42,1,-1
43,3,50646,4,9,1,2,3,1,1,0,0,70,1,1
39,3,51100,4,9,1,11,3,1,1,0,0,40,1,-1
49,2,51620,14,16,1,6,3,1,1,0,0,60,1,1
18,3,51789,2,10,3,3,2,1,1,0,0,8,1,1
47,3,51835,5,15,1,6,1,1,0,0,1902,60,15,-1
23,3,53245,8,5,4,3,4,1,1,0,0,40,1,1
17,3,53611,10,8,3,3,2,1,0,0,0,6,1,1
60,3,53707,4,9,1,6,3,1,1,0,0,40,1,-1
54,3,53833,4,9,1,8,3,1,1,0,0,40,1,-1
28,2,54683,2,10,3,2,4,1,1,0,1590,40,1,1
48,3,55237,1,13,1,2,3,1,1,0,0,45,1,-1
48,1,55863,14,16,1,6,1,1,0,0,1902,46,1,-1
21,3,56582,3,7,3,3,2,1,1,0,0,50,1,1
40,4,56795,11,14,3,5,4,1,0,14084,0,55,1,-1
27,3,57052,4,9,1,2,3,1,1,2885,0,40,1,1
26,3,57512,7,11,3,2,2,1,1,0,0,48,1,1
21,3,57916,4,9,3,13,2,1,1,0,0,40,1,1
26,3,58098,2,10,3,9,4,1,0,0,1974,40,1,1
48,2,58683,2,10,1,4,3,1,1,0,0,70,1,-1
42,3,59474,4,9,2,8,4,1,1,0,0,40,1,1
44,3,63042,1,13,2,5,2,1,0,0,0,50,1,-1
44,6,64632,14,16,1,6,3,1,1,0,0,60,1,1
38,3,65324,5,15,1,6,3,1,1,0,0,40,1,-1
68,6,65730,4,9,1,6,3,1,1,0,0,25,1,1
47,3,67716,4,9,1,4,3,1,1,0,0,40,1,-1
28,3,69847,1,13,3,9,2,2,0,0,0,30,1,1
61,3,69867,4,9,1,5,3,1,1,0,0,40,1,-1
57,3,69884,4,9,1,4,3,1,1,0,0,40,1,-1
34,3,70466,7,11,2,2,4,1,1,0,0,40,1,1
26,3,71009,1,13,3,6,4,2,0,0,0,40,16,1
53,3,71772,14,16,2,6,4,1,1,0,0,50,1,1
75,3,71898,16,1,3,12,4,2,0,0,0,48,16,1
38,5,72338,4,9,1,13,3,2,1,0,0,54,1,-1
28,3,72443,2,10,3,5,4,1,1,0,1669,60,1,1
40,3,72887,7,11,1,8,3,2,1,0,0,40,1,-1
72,3,74141,8,5,1,5,1,2,0,0,0,48,1,-1
33,3,75167,4,9,1,11,3,1,1,0,0,55,1,1
28,3,76714,5,15,3,6,4,1,1,0,0,55,1,-1
67,6,76860,4,9,1,5,3,2,1,0,0,40,1,-1
24,3,77665,4,9,3,2,4,1,1,0,0,42,1,1
39,3,79331,11,14,1,5,3,2,1,15024,0,40,1,-1
38,3,79619,1,13,1,4,3,1,1,0,0,42,1,-1
30,3,79712,1,13,1,6,3,4,1,0,0,40,1,1
32,3,80058,3,7,2,4,4,1,1,0,0,43,1,-1
53,3,81794,10,8,1,9,1,1,0,0,0,40,1,1
49,3,81973,2,10,1,2,3,2,1,0,0,40,1,-1
23,3,82777,4,9,1,5,3,1,1,0,0,30,1,1
24,3,83141,1,13,3,5,4,1,1,0,0,40,1,1
36,3,83471,4,9,5,3,6,2,0,0,0,20,1,1
39,3,83893,4,9,1,9,3,1,1,0,0,40,1,-1
31,3,84154,2,10,1,4,3,1,1,0,0,38,6,-1
61,6,84409,4,9,1,5,3,1,1,0,0,35,1,-1
36,3,85272,6,12,1,6,1,1,0,0,0,30,1,-1
40,3,85995,13,6,1,8,3,1,1,0,0,40,1,-1
37,3,86551,1,13,1,5,3,1,1,0,0,45,1,-1
38,3,86551,1,13,2,4,4,1,1,0,0,48,1,-1
30,3,86808,1,13,3,6,5,1,0,0,0,40,1,1
25,3,86872,1,13,1,5,3,1,1,0,0,55,1,-1
30,3,87418,1,13,1,5,3,1,1,0,0,45,1,-1
50,3,88926,4,9,1,9,1,1,0,5178,0,40,1,-1
35,3,89508,4,9,1,11,3,1,1,0,0,50,1,-1
53,3,89534,4,9,1,11,3,1,1,0,0,48,1,-1
46,3,90758,11,14,3,1,4,1,1,0,0,35,1,-1
38,3,91039,1,13,1,4,3,1,1,15024,0,60,1,-1
32,1,92003,1,13,1,5,1,1,0,0,0,40,1,-1
35,3,92440,10,8,2,2,4,1,1,0,0,50,1,-1
60,5,93272,4,9,1,3,3,1,1,0,0,40,1,1
50,2,93705,2,10,2,4,4,1,0,0,0,40,1,1
40,3,93955,2,10,1,6,1,1,0,0,0,40,1,1
41,6,94113,5,15,1,6,3,1,1,0,0,60,1,-1
51,3,94432,4,9,1,6,3,1,1,0,0,40,1,1
38,3,95336,1,13,1,4,3,1,1,0,0,50,1,-1
38,4,95432,4,9,1,9,3,1,1,0,0,40,1,-1
61,5,95450,1,13,1,5,3,1,1,5178,0,50,1,-1
43,3,95634,1,13,1,3,1,2,0,0,0,45,6,1
51,3,96062,2,10,1,4,3,1,1,0,1977,40,1,-1
54,3,96062,6,12,1,1,3,1,1,0,0,40,1,-1
40,3,96129,7,11,1,1,3,1,1,0,0,40,1,-1
59,2,96459,9,4,1,2,3,1,1,0,0,40,1,1
18,3,96483,4,9,3,3,2,2,0,0,0,20,1,1
23,3,96635,2,10,3,8,2,2,1,0,0,30,1,1
42,5,97688,2,10,1,2,3,1,1,5178,0,40,1,-1
48,2,97883,4,9,4,3,5,1,0,0,0,25,1,1
34,1,98101,1,13,1,5,3,1,1,7688,0,45,6,-1
55,3,98361,11,14,1,6,3,1,1,15024,0,50,6,-1
38,6,99146,1,13,1,5,3,1,1,15024,0,80,1,-1
54,3,99185,14,16,1,6,3,1,1,15024,0,45,1,-1
61,3,99784,11,14,5,6,4,1,0,0,0,40,1,-1
46,3,99835,5,15,1,6,3,1,1,0,0,60,1,-1
40,3,101272,4,9,2,9,4,1,0,0,0,32,1,1
56,3,101436,4,9,2,9,5,3,0,0,0,35,1,1
47,3,101684,4,9,1,2,3,1,1,0,0,40,1,1
51,3,101722,9,4,1,5,3,3,1,3908,0,47,1,1
41,3,101739,6,12,1,5,1,1,0,0,0,50,1,-1
45,3,102076,2,10,2,6,6,1,0,0,0,32,1,1
42,3,102085,4,9,2,3,2,1,0,0,0,15,1,1
48,3,102102,7,11,1,1,3,1,1,0,0,50,1,-1
46,3,102388,5,15,1,6,3,1,1,15024,0,45,1,-1
42,3,102606,1,13,1,1,3,1,1,0,0,40,1,-1
40,3,102606,11,14,1,5,3,1,1,0,0,40,1,-1
38,3,102938,1,13,1,2,3,1,1,0,0,40,1,1
35,5,103260,11,14,1,6,1,1,0,0,0,35,1,-1
37,3,103323,6,12,1,4,3,1,1,0,0,40,1,1
40,3,103395,2,10,1,2,3,1,1,0,0,45,1,-1
45,3,103538,4,9,1,9,3,1,1,0,0,40,1,-1
30,3,103649,1,13,1,9,1,5,0,0,0,40,1,-1
56,3,103948,3,7,1,11,3,1,1,0,0,40,1,1
41,3,104196,2,10,2,11,4,1,1,0,0,60,1,1
48,2,104790,3,7,1,10,3,1,1,0,0,50,1,-1
36,2,105021,2,10,1,5,3,1,1,0,0,55,1,-1
67,3,105252,1,13,5,5,4,1,1,0,2392,40,1,-1
34,5,105540,1,13,1,6,3,1,1,0,2051,40,1,1
41,3,105616,2,10,5,9,6,5,0,0,0,48,1,1
51,1,105943,4,9,1,9,1,1,0,3908,0,40,1,1
46,3,106092,4,9,1,5,3,1,1,0,0,45,1,-1
32,3,106742,4,9,1,11,3,1,1,0,0,40,1,1
63,3,106910,15,3,5,3,5,2,0,0,0,19,16,1
44,3,107584,11,14,1,9,3,1,1,3908,0,50,1,1
47,3,107682,4,9,2,9,6,1,0,0,0,48,1,1
32,3,108023,11,14,3,9,4,1,1,0,0,40,1,1
34,3,108116,1,13,1,6,3,1,1,0,0,50,1,-1
36,6,108293,1,13,1,5,1,1,0,0,1977,45,1,-1
58,1,109567,14,16,1,6,3,1,1,0,0,1,1,-1
25,3,109609,2,10,3,3,4,1,1,0,0,25,1,1
44,2,109684,11,14,2,5,6,1,0,0,0,40,1,1
19,3,109854,4,9,3,9,2,1,0,0,0,40,1,1
44,3,110355,1,13,1,5,3,1,1,0,0,40,1,-1
75,6,111177,1,13,5,6,4,1,0,25124,0,16,1,-1
33,3,111363,1,13,1,5,3,1,1,0,0,40,1,-1
31,3,111567,1,13,3,4,4,1,1,0,0,40,1,-1
22,3,112130,4,9,3,3,4,5,0,0,0,40,1,1
40,4,112388,11,14,3,6,4,1,1,0,0,40,1,1
35,3,112512,4,9,5,3,2,1,0,0,0,40,1,1
41,3,112763,5,15,1,6,1,1,0,0,0,40,1,-1
34,3,112820,4,9,4,7,4,1,1,2463,0,40,1,1
56,3,112840,4,9,1,5,3,1,1,0,0,55,1,-1
38,6,112847,5,15,1,6,3,2,1,0,0,40,1,-1
59,3,113203,4,9,2,9,4,1,0,0,0,40,1,1
50,3,113290,4,9,1,4,1,1,0,0,0,15,1,1
61,6,113544,11,14,1,4,3,1,1,0,0,40,1,-1
25,3,114345,8,5,3,2,6,1,1,914,0,40,1,1
33,3,114691,1,13,1,4,3,1,1,0,0,60,1,-1
30,3,114691,4,9,3,10,2,1,1,0,0,40,1,1
39,3,114844,1,13,3,4,4,1,1,0,1876,50,1,1
31,3,114937,6,12,1,9,3,1,1,0,0,40,1,-1
38,5,115076,11,14,1,5,3,1,1,0,0,70,1,-1
43,4,115562,4,9,1,8,3,1,1,0,0,40,1,1
18,3,115839,10,8,3,9,4,1,0,0,0,30,1,1
41,3,116391,1,13,1,7,3,1,1,0,0,40,6,1
36,3,116608,4,9,3,9,4,1,0,4865,0,40,1,1
42,3,116632,14,16,1,6,3,1,1,0,0,45,1,-1
44,3,116632,2,10,1,6,3,1,1,0,0,40,1,-1
53,3,117058,4,9,2,3,6,1,0,0,0,40,1,1
39,3,117683,4,9,1,11,3,1,1,0,0,40,1,-1
33,3,117963,1,13,1,5,3,1,1,0,0,40,1,-1
30,3,117963,1,13,1,9,3,1,1,0,0,40,1,-1
52,3,118025,1,13,1,5,3,1,1,99999,0,50,1,-1
31,3,118149,2,10,3,5,4,5,0,0,0,40,1,1
48,3,118158,6,12,1,11,3,1,1,0,0,44,1,1
41,3,118212,1,13,1,2,3,1,1,3103,0,40,1,-1
65,2,118474,3,7,1,5,3,1,1,9386,0,59,6,-1
42,3,118494,2,10,1,6,3,1,1,0,0,44,1,-1
30,3,118551,1,13,1,1,1,1,0,0,0,16,1,-1
34,3,118584,1,13,3,5,4,1,0,0,0,40,1,1
31,3,118710,11,14,1,1,3,1,1,0,1902,40,1,-1
48,3,118889,4,9,1,4,3,1,1,2885,0,15,1,1
35,3,119098,14,16,1,6,3,1,1,7298,0,40,1,-1
33,3,119176,2,10,5,9,6,1,0,0,0,40,1,1
19,6,119234,2,10,3,6,5,1,0,0,0,15,1,1
36,1,119272,4,9,1,13,3,1,1,7298,0,40,1,-1
35,3,119272,1,13,1,5,3,1,1,0,0,55,1,-1
22,3,119359,1,13,3,5,2,2,0,0,0,40,1,1
48,3,119722,2,10,1,4,3,5,1,0,0,8,1,1
38,3,119741,11,14,1,2,3,5,1,0,0,40,1,-1
33,6,119918,1,13,3,6,4,5,1,0,0,45,6,1
51,3,120173,7,11,1,2,3,1,1,3103,0,50,1,-1
44,3,120277,1,13,1,6,3,1,1,15024,0,50,17,-1
44,2,120539,1,13,3,4,4,1,1,0,0,50,1,-1
61,3,120939,5,15,1,11,3,1,1,0,0,5,1,-1
48,5,121622,11,14,3,6,6,1,0,0,1380,40,1,1
42,5,121718,11,14,1,5,3,1,1,0,1902,60,1,-1
40,3,121772,7,11,1,2,3,2,1,0,0,40,6,-1
68,3,121846,9,4,5,3,6,3,0,0,0,20,1,1
55,3,121912,2,10,1,11,3,1,1,0,0,24,1,-1
40,3,121956,1,13,6,6,4,2,1,13550,0,40,2,-1
61,3,122246,10,8,1,3,1,1,0,0,0,40,1,1
41,3,122381,2,10,1,2,3,1,1,0,1887,50,1,-1
26,3,122999,11,14,3,6,4,1,1,8614,0,40,1,-1
54,2,123011,4,9,1,2,3,1,1,15024,0,52,1,-1
48,5,123075,11,14,1,6,3,1,1,0,0,35,1,-1
34,3,123084,3,7,1,8,2,1,0,0,0,40,1,1
28,6,123147,2,10,1,6,1,1,0,0,1887,40,1,-1
33,2,123424,1,13,1,5,3,1,1,0,0,40,1,-1
62,6,123992,4,9,1,6,3,1,1,0,0,40,1,1
76,3,124191,11,14,1,5,3,1,1,0,0,40,1,-1
54,3,124194,4,9,5,3,6,1,0,0,0,40,1,1
28,3,124680,1,13,3,5,4,1,0,6849,0,60,1,1
44,3,124924,4,9,1,5,3,1,1,0,0,40,21,1
53,3,124963,4,9,2,7,4,1,1,0,0,40,1,1
59,6,125000,1,13,1,5,3,1,1,0,0,40,3,-1
54,6,125417,9,4,1,8,3,1,1,0,0,40,1,-1
49,3,125421,4,9,1,2,1,1,0,0,0,40,1,-1
48,3,125421,11,14,2,5,6,1,0,0,0,40,1,-1
49,3,125421,4,9,2,9,6,1,0,0,0,38,1,1
38,3,125550,4,9,2,9,4,1,0,0,0,35,1,1
49,6,125892,11,14,1,5,3,1,1,0,0,50,1,-1
38,4,125933,11,14,1,6,3,1,1,0,0,40,14,-1
42,5,126319,1,13,1,6,1,1,0,0,0,40,1,-1
46,3,126513,4,9,4,2,6,5,0,0,0,40,6,1
48,3,126754,11,14,1,6,3,1,1,15024,0,40,1,-1
18,3,127273,3,7,3,3,5,1,1,0,0,20,1,1
31,3,127610,1,13,1,6,1,1,0,0,0,40,1,-1
19,3,127709,4,9,3,10,2,5,1,0,0,30,1,1
49,3,128132,4,9,1,4,3,1,1,0,0,60,1,-1
53,6,128272,14,16,1,5,3,1,1,0,0,70,1,-1
39,3,128715,4,9,2,9,4,1,1,10520,0,40,1,-1
36,3,128757,1,13,1,3,3,5,1,7298,0,36,1,-1
46,3,129007,1,13,1,4,3,1,1,0,1977,40,1,-1
38,3,129573,4,9,1,2,3,1,1,0,0,41,1,1
19,6,129586,2,10,3,6,2,1,1,0,0,40,1,1
30,3,130078,1,13,3,4,4,1,0,0,0,45,1,1
59,5,130532,2,10,5,3,4,1,0,0,0,40,18,1
24,4,130534,1,13,3,5,4,1,1,0,0,40,1,1
57,3,130714,12,2,1,7,3,1,1,0,0,22,1,1
40,3,130760,7,11,1,5,3,1,1,0,0,50,1,-1
26,6,130832,1,13,3,6,6,1,0,0,0,10,1,1
29,3,131310,6,12,3,4,2,1,0,0,0,40,1,1
32,3,131425,1,13,1,8,3,1,1,0,0,50,1,1
30,3,131699,4,9,2,11,4,1,1,0,0,40,1,1
26,6,131777,1,13,1,6,3,1,1,0,2002,40,1,1
52,6,132178,1,13,1,5,3,1,1,0,0,50,1,-1
41,3,132222,5,15,1,6,3,1,1,0,2415,40,1,-1
45,3,132847,4,9,3,7,4,1,0,0,0,40,1,1
38,3,132879,4,9,1,2,3,1,1,0,1902,40,1,-1
41,4,133060,6,12,1,6,3,1,1,0,0,40,1,-1
20,6,133061,8,5,3,6,2,1,1,0,0,40,1,1
25,3,133373,4,9,4,2,4,1,1,0,0,40,1,1
17,3,133449,8,5,3,3,2,5,1,0,0,26,1,1
71,6,133821,4,9,1,9,1,1,0,0,0,20,1,-1
22,3,133833,2,10,3,9,2,1,0,0,0,40,1,1
27,3,133937,2,10,3,5,4,1,1,0,0,45,1,1
46,3,133938,11,14,2,5,4,1,0,27828,0,50,1,-1
50,3,133963,1,13,1,6,1,1,0,0,1977,40,1,-1
45,2,133969,4,9,1,4,3,2,1,0,0,50,11,-1
61,6,134768,1,13,1,5,3,1,1,0,0,50,6,-1
62,3,134768,14,16,1,6,3,1,1,7688,0,40,6,-1
64,2,134960,1,13,1,5,3,1,1,15024,0,35,1,-1
19,6,134974,2,10,3,6,2,1,0,0,0,20,1,1
55,5,135439,1,13,5,6,4,1,0,0,0,48,1,1
34,3,135785,1,13,3,6,4,1,0,0,0,36,1,1
68,6,136218,4,9,5,3,6,1,0,0,0,15,1,1
40,3,137142,4,9,1,4,3,1,1,0,0,60,1,1
28,3,137296,6,12,3,3,4,5,0,0,0,40,1,1
25,3,137301,6,12,3,6,2,1,0,0,0,40,1,1
50,3,137815,4,9,1,11,3,1,1,0,0,60,1,-1
51,3,138022,11,14,1,5,3,1,1,0,0,60,1,-1
54,6,138852,2,10,1,4,3,1,1,0,0,45,1,-1
35,3,138992,11,14,1,6,5,1,1,7298,0,40,1,-1
26,3,139116,2,10,3,3,2,5,0,0,0,50,1,1
40,3,139193,4,9,2,8,4,1,1,0,1980,48,1,1
24,3,141113,9,4,1,4,3,1,1,2580,0,40,1,1
58,2,141165,4,9,1,10,3,1,1,0,0,50,1,1
30,1,141297,1,13,1,6,3,2,1,0,0,40,8,-1
57,3,141326,4,9,1,4,3,1,1,0,0,50,1,-1
59,3,142182,4,9,1,3,3,1,1,0,0,40,1,-1
57,3,142791,9,4,5,4,5,1,0,0,1602,3,1,1
34,3,142897,11,14,1,5,3,2,1,7298,0,35,28,-1
37,2,143368,14,16,1,6,3,1,1,0,0,60,1,1
71,2,143437,11,14,1,4,3,1,1,10605,0,40,1,-1
50,3,143664,1,13,3,5,4,1,1,0,0,40,1,1
44,3,144778,2,10,4,5,4,1,1,0,0,45,1,-1
41,1,144928,1,13,1,6,3,1,1,0,0,40,1,-1
18,3,145005,2,10,3,3,2,1,1,0,0,20,1,1
44,3,145160,14,16,1,6,3,1,1,0,0,40,1,-1
30,3,145231,6,12,2,9,2,1,0,0,1762,40,1,1
56,2,145574,4,9,1,3,3,1,1,0,1902,60,1,-1
50,6,146015,4,9,1,6,3,1,1,0,0,40,1,-1
32,3,146154,4,9,1,4,1,1,0,0,0,40,1,1
48,3,146268,1,13,1,9,3,1,1,7688,0,40,1,-1
52,3,146378,4,9,1,2,3,1,1,0,0,40,1,-1
23,6,146399,1,13,3,6,4,1,1,0,0,55,1,1
51,3,146767,7,11,1,6,3,1,1,0,0,40,1,-1
51,3,146813,2,10,1,6,3,1,1,0,0,40,1,-1
50,3,147629,11,14,1,6,3,1,1,15024,0,45,1,-1
46,3,147640,15,3,1,11,3,3,1,0,1902,40,1,1
58,3,147653,2,10,1,9,1,1,0,0,0,32,1,1
33,3,147700,4,9,1,2,3,4,1,0,0,40,1,1
52,3,147876,1,13,1,4,1,1,0,15024,0,60,1,-1
25,3,148300,1,13,3,6,2,1,0,0,0,15,1,1
17,6,148769,4,9,3,6,2,5,1,0,0,40,1,1
33,3,149184,4,9,3,6,4,1,1,0,0,60,1,-1
28,1,149624,1,13,1,6,3,1,1,0,0,40,1,-1
28,3,149769,4,9,3,8,4,2,1,0,0,40,2,1
45,6,149865,1,13,1,8,3,1,1,0,0,60,1,-1
17,3,150106,13,6,3,4,2,1,0,0,0,20,1,1
63,6,150389,1,13,5,6,4,1,0,0,0,40,1,-1
42,3,150533,2,10,1,5,3,1,1,7298,0,52,1,-1
54,3,150999,2,10,2,8,4,1,1,0,0,60,1,1
40,1,151038,1,13,2,2,4,1,1,0,0,40,1,1
39,3,151248,2,10,2,4,5,1,0,0,0,35,1,1
42,3,151408,11,14,3,5,4,1,0,14084,0,50,1,-1
64,3,151540,3,7,5,1,6,1,0,0,0,16,1,1
62,3,152148,8,5,1,3,3,1,1,0,0,40,1,1
31,3,152156,4,9,1,2,3,1,1,0,0,45,1,1
52,3,152234,4,9,1,5,3,2,1,99999,0,40,9,-1
41,3,152742,7,11,2,1,4,1,0,3325,0,40,1,1
51,5,152754,1,13,1,9,3,1,1,0,0,40,1,-1
36,3,153078,1,13,1,5,3,2,1,0,0,60,6,-1
28,6,153291,4,9,3,9,2,1,0,0,0,35,1,1
44,3,153489,4,9,3,3,6,1,1,0,0,40,1,1
34,3,153614,4,9,1,4,3,1,1,0,0,45,1,-1
38,3,153976,4,9,1,2,3,1,1,0,0,40,1,1
43,3,154374,2,10,1,2,3,1,1,15024,0,60,1,-1
54,2,154785,1,13,2,5,4,1,1,0,0,50,1,1
23,6,154921,15,3,3,6,4,1,1,0,0,50,1,1
33,3,155343,4,9,1,4,3,1,1,3103,0,40,1,-1
46,3,155489,4,9,1,9,3,1,1,0,0,58,1,-1
38,3,156550,4,9,1,2,3,1,1,0,0,60,1,1
36,3,156667,1,13,1,6,3,1,1,0,1902,50,1,-1
38,3,156728,1,13,1,4,3,1,1,0,0,40,1,-1
53,1,156877,4,9,1,9,3,1,1,15024,0,35,1,-1
31,2,156890,9,4,1,2,3,1,1,0,0,40,1,1
31,3,157887,2,10,1,5,3,1,1,0,0,65,1,-1
26,3,158846,4,9,1,8,3,1,1,0,0,45,1,1
42,4,158926,6,12,2,6,6,2,0,0,0,40,16,-1
51,3,158948,4,9,1,11,3,1,1,0,0,84,1,-1
69,6,159077,3,7,1,6,3,1,1,0,0,48,1,1
32,5,159187,1,13,3,6,4,1,1,0,0,35,1,1
50,1,159219,1,13,1,5,3,1,1,0,0,40,5,-1
42,3,159449,1,13,1,5,3,1,1,5178,0,40,1,-1
69,3,159522,9,4,2,8,6,5,0,2964,0,40,1,1
50,4,159670,4,9,1,9,3,1,1,0,0,40,1,-1
51,5,159755,11,14,1,6,3,1,1,0,0,40,1,-1
49,3,159816,1,13,1,6,1,1,0,99999,0,20,1,-1
42,3,159911,4,9,2,3,6,1,0,0,0,40,1,1
61,3,160062,4,9,1,9,3,1,1,0,0,40,1,1
39,2,160120,14,16,2,9,5,4,1,0,0,40,6,1
50,6,160151,2,10,1,4,3,1,1,0,0,60,1,-1
57,3,160275,4,9,2,2,4,1,1,0,0,40,1,1
52,3,160703,4,9,1,9,3,1,1,0,0,48,1,1
51,2,160724,1,13,1,4,3,2,1,0,2415,40,12,-1
61,3,160942,11,14,1,4,3,1,1,3103,0,50,1,1
37,3,161141,7,11,1,2,3,1,1,0,0,40,22,-1
44,3,161819,4,9,1,8,3,1,1,0,0,40,1,-1
44,3,162028,2,10,1,9,1,1,0,0,2415,6,1,-1
42,3,162140,1,13,1,5,3,1,1,7298,0,45,1,-1
21,6,162160,2,10,3,6,2,2,1,0,0,40,28,1
29,2,162298,1,13,1,4,3,1,1,0,0,70,1,-1
28,3,162404,1,13,3,2,4,5,1,0,0,60,1,1
45,3,162606,4,9,2,4,4,1,0,0,0,35,1,1
36,3,162651,4,9,4,9,4,1,1,0,0,40,30,1
51,3,162988,13,6,2,3,6,1,0,0,0,25,1,1
61,2,163174,5,15,1,6,3,1,1,0,0,35,1,-1
24,3,163595,4,9,3,8,2,1,1,0,0,40,1,1
63,3,163809,2,10,5,4,4,1,0,0,0,20,1,1
51,3,163921,1,13,1,11,3,1,1,0,0,56,1,-1
32,3,164507,4,9,3,7,4,1,1,0,0,40,30,1
48,3,164964,4,9,1,8,3,1,1,0,0,40,1,1
48,3,164966,1,13,1,5,3,2,1,0,0,40,8,-1
50,3,166220,6,12,1,4,1,1,0,3942,0,40,1,1
54,6,166459,5,15,1,6,3,1,1,99999,0,60,1,-1
35,3,166549,10,8,1,8,3,1,1,0,0,40,1,1
50,3,166565,4,9,1,8,3,1,1,0,0,50,1,1
32,3,166634,4,9,1,8,3,5,1,0,0,40,1,1
30,3,166961,1,13,3,6,2,1,0,0,0,37,1,1
44,3,167005,1,13,1,5,3,1,1,7688,0,60,1,-1
26,5,167261,1,13,3,6,4,1,0,0,0,40,1,1
26,3,167350,2,10,1,1,3,1,1,3103,0,40,1,-1
46,4,167381,4,9,1,9,1,1,0,0,0,40,1,-1
65,2,167414,4,9,1,5,3,1,1,0,0,59,1,-1
33,2,167476,3,7,2,7,4,1,1,0,0,7,1,1
37,3,167482,4,9,3,8,2,1,1,0,0,40,1,1
30,2,167990,7,11,1,6,3,1,1,15024,0,65,1,-1
40,3,168071,7,11,2,1,4,1,1,3325,0,40,1,1
27,3,168138,4,9,3,5,2,1,1,0,0,40,1,1
50,3,168212,14,16,1,6,3,1,1,0,1902,65,1,-1
49,4,168232,4,9,1,9,3,1,1,0,0,40,1,-1
47,3,168262,1,13,3,9,2,1,1,0,0,40,1,1
64,6,168340,4,9,1,6,3,1,1,0,0,40,6,-1
52,3,168381,4,9,5,3,6,2,0,0,0,40,8,-1
31,3,168387,1,13,1,6,3,1,1,7688,0,40,5,-1
63,5,168656,1,13,2,2,4,5,1,0,0,35,7,1
26,1,169323,11,14,3,6,4,1,0,0,0,40,1,1
30,1,169496,1,13,1,1,3,1,1,0,0,40,1,-1
49,3,169818,4,9,1,3,1,5,0,0,0,40,1,-1
53,3,169846,4,9,1,9,1,1,0,0,0,40,1,-1
33,3,169879,1,13,1,6,3,1,1,3103,0,47,1,-1
58,6,169982,2,10,1,6,3,1,1,0,0,40,1,-1
23,3,170070,10,8,3,3,4,1,0,0,0,38,1,1
23,1,170091,2,10,3,6,2,1,0,0,0,6,1,1
35,3,170092,4,9,6,3,6,5,0,0,0,20,1,1
47,3,170846,6,12,1,9,1,1,0,0,0,40,17,-1
44,3,170924,2,10,1,2,3,1,1,7298,0,40,1,-1
47,5,171095,6,12,1,9,1,1,0,0,0,35,1,-1
37,3,171150,4,9,1,5,3,1,1,0,1887,50,1,-1
34,1,171216,1,13,3,6,2,1,1,0,0,50,1,1
59,5,171328,4,9,4,13,5,5,0,0,2339,40,1,1
50,3,171338,2,10,1,5,3,1,1,99999,0,50,1,-1
67,3,171584,1,13,1,13,3,1,1,6514,0,7,1,-1
41,3,171615,2,10,1,3,3,1,1,0,0,48,1,1
42,3,172148,2,10,1,9,3,5,1,0,0,40,1,1
52,3,172165,13,6,2,3,5,1,0,0,0,25,1,1
35,3,172186,2,10,3,2,2,1,1,0,0,40,1,1
35,1,172327,1,13,4,5,4,1,1,0,0,42,1,1
63,3,172740,2,10,1,6,3,1,1,0,0,40,1,1
38,3,172755,4,9,3,6,4,1,1,0,0,40,1,1
46,3,173243,4,9,1,2,3,1,1,0,0,40,1,1
72,6,173427,4,9,1,6,3,1,1,0,0,40,13,1
22,3,173736,4,9,1,2,3,1,1,0,0,40,1,1
57,3,173796,4,9,1,11,3,1,1,0,1887,40,1,-1
17,3,173807,3,7,3,2,2,1,0,0,0,15,1,1
30,2,173854,4,9,1,2,3,1,1,0,0,60,1,1
63,3,174018,2,10,1,4,3,5,1,0,0,40,1,-1
33,3,174201,4,9,3,7,2,1,1,0,0,40,1,1
30,3,174215,14,16,3,6,4,1,0,0,0,15,1,1
43,3,174524,4,9,1,8,3,1,1,0,0,40,1,-1
43,3,174575,1,13,2,5,4,1,1,0,1564,45,1,-1
55,3,174662,4,9,1,11,3,1,1,0,0,32,1,1
44,1,174675,4,9,1,6,1,1,0,0,0,40,1,-1
48,3,174829,6,12,1,8,3,1,1,0,0,40,1,1
22,3,174975,7,11,3,1,2,1,0,0,0,36,1,1
33,1,175023,4,9,1,13,3,1,1,0,0,37,1,1
37,3,175232,11,14,2,5,6,1,1,0,0,60,1,-1
45,3,175625,4,9,4,9,6,1,0,0,0,38,1,1
33,3,175697,1,13,1,5,3,1,1,15024,0,60,1,-1
34,6,175761,1,13,1,6,3,1,1,0,0,60,1,-1
57,3,175942,2,10,1,5,3,1,1,0,0,50,1,-1
49,3,175958,2,10,1,4,3,1,1,0,0,80,1,-1
39,3,176186,2,10,1,10,3,1,1,0,0,50,1,-1
43,3,176270,1,13,1,5,3,1,1,99999,0,60,1,-1
42,3,176286,6,12,1,5,3,1,1,0,0,40,1,-1
25,3,176756,1,13,3,2,2,1,1,0,0,40,1,1
37,3,176900,4,9,1,2,3,1,1,0,0,99,1,-1
55,3,176904,13,6,1,11,3,1,1,0,0,50,1,1
67,5,176931,9,4,5,3,4,1,0,0,0,20,1,1
23,3,177087,3,7,3,9,6,5,1,0,0,35,1,1
46,3,177114,6,12,5,6,6,1,0,0,0,27,1,1
28,3,177119,11,14,3,5,4,1,0,0,0,80,6,1
32,1,177216,1,13,3,6,4,1,0,0,0,40,1,1
62,4,177295,4,9,5,9,6,1,0,0,0,40,1,1
34,6,177304,13,6,2,6,4,1,1,0,0,40,30,1
42,2,177307,5,15,1,10,3,1,1,0,0,65,1,-1
53,3,177647,1,13,2,5,6,1,1,0,0,40,1,1
30,3,177675,2,10,3,2,4,1,1,0,0,40,1,-1
48,2,177783,9,4,3,10,4,1,1,0,0,50,1,1
19,3,177839,4,9,3,3,2,1,0,0,0,15,1,1
44,3,177905,2,10,2,8,6,1,1,0,0,58,1,-1
43,3,177937,1,13,3,6,4,1,1,0,0,40,6,-1
37,3,177974,2,10,1,8,3,1,1,0,0,70,1,1
19,3,178147,2,10,3,7,2,1,1,0,0,10,1,1
19,3,178147,4,9,3,4,2,1,1,0,0,35,1,1
31,3,179186,1,13,1,4,3,5,1,0,0,90,1,-1
39,3,179271,2,10,1,2,3,1,1,0,0,50,1,-1
63,2,179400,4,9,1,2,3,1,1,2290,0,20,1,1
64,6,179436,1,13,1,5,3,1,1,15024,0,55,1,-1
55,3,179534,3,7,5,7,6,1,0,0,0,40,1,1
44,2,179557,4,9,1,5,3,1,1,0,1977,45,1,-1
24,3,179627,4,9,1,8,3,1,1,0,0,40,1,1
41,3,180138,1,13,1,5,3,1,1,0,0,50,14,-1
54,6,180211,2,10,1,6,3,2,1,0,0,60,11,-1
37,2,180477,4,9,1,2,3,1,1,0,0,47,1,1
27,3,180553,4,9,4,8,6,1,0,0,0,40,1,1
41,3,180572,1,13,2,6,4,1,0,0,0,50,1,-1
39,3,180667,2,10,1,8,3,1,1,0,0,40,1,1
71,3,180733,11,14,3,3,4,1,0,0,0,20,1,1
39,6,180804,4,9,1,5,3,1,1,0,0,40,1,-1
32,3,180871,7,11,2,4,4,1,1,0,0,50,1,-1
44,5,181344,2,10,1,5,3,5,1,0,0,38,1,-1
38,5,181721,1,13,1,5,3,5,1,0,0,40,1,1
40,3,182140,4,9,4,11,6,5,1,0,0,40,1,1
24,3,182163,3,7,3,9,4,1,0,0,0,40,6,1
34,3,182401,6,12,2,9,4,5,1,0,0,40,1,1
33,3,182423,4,9,2,3,6,5,1,0,0,40,1,1
33,3,182556,1,13,1,5,3,1,1,0,0,40,1,-1
45,3,182655,1,13,2,3,4,1,1,0,0,45,6,-1
30,3,182833,2,10,3,5,2,5,0,0,0,40,1,1
48,3,182862,2,10,1,2,3,1,1,0,0,40,1,-1
56,5,183169,11,14,5,6,4,1,0,0,0,40,1,1
37,3,183345,7,11,3,2,4,1,1,0,0,45,1,1
37,3,183800,1,13,1,6,3,1,1,7688,0,50,1,-1
35,3,183898,7,11,1,5,3,1,1,7298,0,50,1,-1
18,3,184016,3,7,3,4,2,1,0,0,0,20,1,1
40,1,184018,7,11,1,8,3,1,1,0,0,38,1,-1
60,3,184242,4,9,6,3,6,1,0,0,0,20,1,1
33,3,184306,4,9,2,7,6,1,1,0,0,30,1,1
31,3,184306,7,11,3,11,2,1,1,0,1980,60,1,1
31,3,184307,2,10,1,5,3,1,1,0,0,50,19,-1
55,2,184425,2,10,1,10,3,1,1,0,0,99,1,-1
37,2,184655,4,9,3,2,4,1,1,0,0,35,1,1
21,3,184756,2,10,3,9,2,1,0,0,0,16,1,1
43,3,184846,4,9,5,8,6,1,0,0,0,60,1,1
35,4,185053,1,13,3,6,2,1,0,0,0,40,1,1
51,3,185283,2,10,1,5,3,1,1,0,0,45,1,-1
52,3,185283,11,14,3,6,4,1,1,0,0,40,1,1
45,3,185385,4,9,1,2,3,1,1,0,0,47,1,-1
37,5,186035,2,10,1,1,3,1,1,0,0,45,1,-1
49,3,186078,11,14,1,6,1,1,0,0,0,50,1,-1
35,3,186126,11,14,1,6,3,1,1,0,0,38,6,1
43,3,186188,2,10,2,5,6,1,0,0,0,45,14,1
39,3,186420,4,9,2,9,4,1,0,0,0,40,1,1
56,3,186556,2,10,1,2,3,1,1,0,0,50,1,-1
50,2,186565,1,13,1,4,3,1,1,0,0,50,1,1
58,6,186791,2,10,1,11,1,1,0,0,0,40,1,-1
37,3,186934,3,7,1,8,3,1,1,3103,0,44,1,-1
37,3,187311,2,10,3,9,4,1,0,0,0,60,1,1
44,3,187322,1,13,2,11,4,1,1,0,0,40,1,1
60,3,187458,9,4,1,2,3,1,1,0,0,40,1,1
56,3,187487,4,9,1,2,3,1,1,0,0,48,1,-1
43,3,187728,2,10,1,6,1,1,0,0,1887,50,1,-1
27,3,187981,4,9,3,7,2,1,1,0,0,40,1,1
21,3,188073,4,9,3,8,2,5,0,0,0,40,1,1
18,3,188241,3,7,3,3,2,1,1,0,0,16,1,1
49,3,188330,4,9,1,4,3,1,1,0,0,40,1,-1
44,3,188331,2,10,2,5,6,1,0,0,0,42,1,1
46,3,188386,14,16,1,5,3,1,1,15024,0,60,1,-1
43,3,188436,7,11,2,6,4,1,1,0,0,48,1,1
25,3,188507,9,4,3,8,5,1,0,0,0,40,25,1
37,3,188540,4,9,1,5,3,1,1,0,1902,45,1,-1
36,3,188563,2,10,1,4,3,1,1,5178,0,50,1,-1
39,2,188571,3,7,1,11,3,1,1,0,0,40,1,1
40,1,188693,11,14,1,6,3,1,1,0,0,35,1,-1
34,3,188736,4,9,1,8,5,4,0,0,0,20,30,1
30,3,188798,2,10,2,3,2,1,0,0,0,20,1,1
63,3,188914,4,9,5,8,5,5,0,0,0,40,29,1
25,3,189027,1,13,3,7,2,1,1,0,0,40,1,1
25,3,189219,1,13,3,4,2,1,0,0,0,40,1,1
51,3,189551,4,9,2,2,2,5,1,0,0,40,1,1
38,3,189623,1,13,1,6,3,1,1,0,1887,40,1,-1
34,2,190290,4,9,1,2,3,1,1,0,0,40,1,-1
32,3,190511,2,10,1,5,3,1,1,0,0,40,1,-1
27,3,190525,4,9,3,4,4,1,1,0,0,50,1,-1
57,5,190747,8,5,1,3,3,1,1,0,0,40,1,1
42,3,190767,7,11,2,1,6,1,0,0,0,40,1,1
41,5,190786,1,13,2,6,4,1,1,0,0,20,1,1
44,3,191256,4,9,1,8,3,1,1,0,0,40,1,1
48,2,191277,14,16,1,6,3,1,1,0,1902,60,1,-1
47,3,191277,4,9,1,11,3,1,1,0,0,50,1,-1
47,3,191411,11,14,1,6,3,2,1,0,0,45,8,1
49,6,191681,2,10,1,5,3,1,1,0,0,50,1,-1
34,3,192002,11,14,1,6,3,1,1,0,0,55,1,-1
25,3,192273,1,13,1,6,3,1,1,0,0,40,1,1
66,3,192504,11,14,1,4,3,1,1,0,0,40,1,1
49,3,192776,11,14,1,5,3,1,1,0,1977,45,1,-1
47,3,192835,4,9,1,9,3,1,1,0,0,50,1,-1
45,3,192835,4,9,1,3,3,1,1,3942,0,40,1,1
28,2,192838,7,11,1,2,3,1,1,0,0,45,1,1
48,6,192945,4,9,1,5,3,1,1,7688,0,40,1,-1
18,3,193290,2,10,3,3,2,1,1,0,1721,20,1,1
40,3,193524,14,16,1,6,3,1,1,0,0,60,1,-1
35,3,193815,6,12,1,9,3,1,1,0,0,40,1,-1
50,3,193871,1,13,2,5,6,1,0,0,0,40,1,1
43,3,193882,2,10,1,4,3,1,1,7688,0,40,1,-1
49,5,193960,11,14,1,6,3,1,1,0,1902,40,1,-1
51,3,194097,4,9,1,13,3,1,1,0,0,40,1,1
53,3,194259,2,10,1,9,1,1,0,4386,0,40,1,-1
74,3,194312,8,5,5,2,4,1,1,0,0,10,6,1
24,3,194630,1,13,3,1,4,1,1,0,0,35,1,1
41,3,194636,1,13,1,5,3,1,1,0,0,60,1,-1
53,3,194791,4,9,1,10,3,1,1,0,0,45,1,1
25,3,194897,4,9,3,4,2,3,1,6849,0,40,1,1
43,3,195212,1,13,1,5,1,5,0,0,0,40,6,1
41,5,195258,2,10,1,13,3,1,1,0,0,40,1,-1
50,6,195322,14,16,4,6,4,1,1,0,0,40,1,-1
65,6,195733,2,10,1,6,3,1,1,0,0,30,1,-1
38,3,196123,4,9,1,2,3,1,1,0,0,50,1,1
50,3,196232,4,9,1,5,3,1,1,7688,0,50,1,-1
53,2,196328,4,9,1,5,3,5,1,0,0,45,1,-1
24,3,196332,4,9,3,3,2,5,0,0,0,40,1,1
38,6,196373,4,9,1,5,3,1,1,0,0,40,1,-1
29,3,196420,4,9,3,5,4,1,0,0,0,45,1,1
45,3,196584,7,11,3,6,4,1,0,0,1564,40,1,-1
34,2,196791,6,12,1,6,1,1,0,0,0,25,1,-1
41,4,197069,2,10,6,9,4,5,1,4650,0,40,1,1
45,6,197332,2,10,1,2,3,1,1,0,0,55,1,-1
38,2,197365,4,9,1,1,3,1,1,0,0,50,1,1
49,5,197371,7,11,1,2,3,5,1,0,0,40,1,-1
45,3,197418,2,10,2,9,4,1,0,0,0,48,1,1
55,3,197422,4,9,1,11,3,1,1,7688,0,40,1,-1
60,6,197553,2,10,1,5,3,1,1,7688,0,50,1,-1
42,3,197583,6,12,1,5,3,5,1,0,0,40,6,-1
31,3,198069,4,9,3,3,2,1,1,0,0,24,1,1
41,3,198196,4,9,1,11,3,1,1,0,0,40,1,1
44,3,198282,1,13,1,5,3,1,1,15024,0,60,1,-1
65,3,198766,11,14,1,4,3,1,1,20051,0,40,1,-1
25,5,198813,1,13,3,9,5,5,0,0,0,40,1,1
45,3,199058,1,13,1,5,3,1,1,0,0,48,6,1
49,3,199058,4,9,1,9,3,1,1,0,0,38,1,1
55,3,199067,4,9,1,2,3,1,1,0,0,40,1,-1
21,6,199177,4,9,3,6,4,1,0,0,0,40,1,1
61,3,199198,9,4,5,3,4,5,0,0,0,21,1,1
35,3,199352,5,15,1,6,3,1,1,0,1977,80,1,-1
22,3,199419,4,9,1,4,1,1,0,0,0,40,1,1
32,6,199765,1,13,1,2,3,1,1,7688,0,50,1,-1
45,3,199832,1,13,1,9,3,1,1,0,0,15,1,1
23,3,199915,1,13,3,9,2,1,0,0,0,35,1,1
65,6,200749,4,9,1,6,3,1,1,0,0,25,1,1
38,3,200818,5,15,1,6,3,1,1,0,0,40,1,-1
45,2,201080,11,14,1,4,3,1,1,0,0,40,1,-1
18,3,201613,10,8,3,4,2,1,0,0,0,20,1,1
24,5,201664,2,10,3,13,2,1,1,0,0,40,1,1
43,3,201723,11,14,1,5,3,1,1,0,1902,40,1,-1
60,3,201965,2,10,3,6,6,1,1,0,0,40,1,-1
33,3,201988,11,14,1,6,3,1,1,0,0,45,1,1
39,3,202027,1,13,1,5,3,1,1,15024,0,45,1,-1
34,3,202046,4,9,1,2,3,1,1,0,0,35,1,-1
37,3,202683,2,10,1,4,3,1,1,0,0,48,1,-1
22,2,202920,4,9,3,6,6,1,0,99999,0,40,25,-1
28,6,203260,1,13,3,6,4,1,1,0,0,8,1,1
35,3,203628,11,14,3,6,4,1,1,0,0,60,1,-1
17,3,204018,3,7,3,4,6,1,1,0,0,15,1,1
30,3,204704,1,13,3,5,6,1,0,0,0,45,1,-1
27,3,205145,4,9,1,8,3,1,1,0,0,40,1,1
41,3,205153,7,11,1,5,3,1,1,0,0,40,1,1
34,6,205256,4,9,1,6,3,1,1,2885,0,80,1,1
58,5,205267,1,13,1,6,1,1,0,0,0,40,1,-1
33,3,205469,2,10,1,5,3,1,1,0,0,40,1,-1
28,6,205562,11,14,3,6,4,5,0,0,0,40,1,1
36,2,205607,1,13,2,6,4,5,0,0,0,40,1,-1
59,3,205759,14,16,3,6,4,1,1,0,0,50,1,1
18,3,205894,3,7,3,4,2,1,1,0,0,15,1,1
40,3,206066,4,9,1,2,3,1,1,0,0,50,1,1
43,1,206139,1,13,1,9,3,1,1,0,0,50,1,-1
29,3,206250,4,9,1,2,3,1,1,0,0,45,1,1
33,3,206280,4,9,3,9,4,5,1,0,0,40,1,1
54,3,206369,4,9,1,8,3,1,1,5178,0,50,1,-1
37,3,206888,4,9,3,5,4,1,0,0,0,50,1,1
40,3,207578,6,12,1,1,3,1,1,0,1977,60,1,-1
43,3,207685,4,9,1,8,3,1,1,0,0,40,1,1
25,3,207875,9,4,1,7,3,1,1,0,0,40,21,1
37,3,208358,4,9,1,2,3,1,1,0,0,40,1,-1
33,3,208405,11,14,1,6,3,1,1,0,0,50,1,-1
65,1,209280,11,14,1,6,3,1,1,6514,0,35,1,-1
39,3,209397,4,9,2,9,6,1,0,0,0,40,1,1
28,3,209641,4,9,3,3,4,1,1,0,0,32,1,1
52,2,209642,4,9,1,5,3,1,1,0,0,45,1,-1
35,3,209993,3,7,4,12,6,1,0,0,0,8,21,1
28,6,210295,3,7,1,2,3,1,1,0,0,50,1,-1
58,6,210563,4,9,1,4,1,1,0,15024,0,35,1,-1
24,3,210781,1,13,3,12,4,1,0,0,0,40,24,1
36,1,210830,11,14,3,6,2,1,0,0,0,30,1,1
24,1,211049,9,4,3,1,6,1,0,0,0,20,1,1
25,3,211231,4,9,1,1,5,1,0,0,0,48,1,-1
19,3,211355,4,9,3,9,2,1,1,0,0,12,1,1
31,3,211880,1,13,1,4,3,1,1,0,0,40,1,1
57,3,212448,1,13,2,5,4,1,0,0,0,45,1,-1
25,3,212522,4,9,3,2,5,1,1,0,0,40,1,1
58,3,212864,4,9,2,7,4,1,1,0,0,40,1,1
54,3,212960,1,13,1,4,3,1,1,0,0,35,1,-1
83,2,213866,4,9,5,5,4,1,1,0,0,8,1,1
22,6,214238,9,4,3,6,6,1,0,0,0,40,21,1
42,2,214242,5,15,1,6,3,1,1,0,1902,50,1,-1
37,3,215310,4,9,1,2,3,1,1,0,0,50,1,-1
38,5,216129,2,10,6,5,6,5,0,0,0,35,1,1
40,3,216237,1,13,2,5,4,1,0,0,0,45,1,-1
56,5,216851,1,13,1,1,3,1,1,0,0,40,1,-1
44,3,216907,6,12,1,2,3,1,1,0,1848,40,1,-1
37,6,217054,1,13,1,6,3,1,1,0,0,35,1,-1
31,3,217460,4,9,1,11,3,1,1,0,0,45,1,-1
34,3,217460,1,13,1,5,3,1,1,0,0,45,1,-1
35,3,217893,4,9,2,4,4,1,0,0,0,30,1,1
23,6,218415,2,10,3,6,2,1,0,0,0,10,1,1
75,2,218521,2,10,6,2,4,1,1,0,0,30,1,1
36,4,218542,6,12,1,9,1,1,0,0,0,40,1,-1
40,5,218995,2,10,1,5,3,1,1,0,0,42,1,-1
21,3,219137,13,6,3,3,2,5,1,0,0,25,1,1
50,6,219420,4,9,1,4,3,1,1,0,0,50,1,-1
20,3,219835,2,10,3,4,2,1,1,0,0,30,6,1
50,3,220019,11,14,1,6,1,1,0,0,0,40,1,1
35,3,220098,4,9,1,3,1,1,0,0,0,40,1,-1
41,3,220531,5,15,1,6,3,1,1,0,0,60,1,-1
42,3,221172,1,13,1,5,3,1,1,0,0,40,1,-1
51,3,221532,1,13,2,5,6,1,1,0,0,40,1,-1
54,3,221915,5,15,3,6,5,1,0,0,0,65,1,1
52,3,222107,2,10,2,4,6,1,0,0,0,50,1,1
33,3,222205,4,9,1,2,1,1,0,0,0,40,1,-1
63,6,222289,4,9,1,5,3,1,1,0,0,40,1,-1
33,5,222654,2,10,1,7,3,1,1,0,0,66,6,1
33,3,224141,4,9,1,3,3,1,1,0,0,40,1,1
46,3,224202,2,10,1,4,3,1,1,0,0,50,1,1
46,3,225065,16,1,1,8,1,1,0,0,0,40,21,1
34,5,226296,1,13,1,13,3,1,1,0,0,40,1,-1
60,6,226355,7,11,1,8,3,1,1,0,2415,70,6,-1
43,3,226902,1,13,1,4,3,1,1,0,0,50,1,-1
43,3,227065,11,14,1,5,3,1,1,0,0,43,1,-1
43,1,227910,7,11,1,6,1,1,0,0,0,40,1,-1
40,3,228535,6,12,1,6,3,1,1,7298,0,36,1,-1
24,3,228772,15,3,3,8,5,1,0,0,0,40,21,1
51,6,229465,11,14,1,5,3,1,1,15024,0,50,1,-1
44,6,229466,2,10,1,5,3,1,1,0,0,50,1,-1
30,3,230224,1,13,3,5,4,1,1,0,0,55,1,-1
42,3,230624,13,6,3,11,6,1,1,0,0,40,1,-1
32,3,231043,4,9,1,2,3,1,1,5178,0,48,1,-1
28,3,231197,13,6,6,2,6,1,1,0,0,40,21,1
67,3,231559,5,15,1,6,3,1,1,20051,0,48,1,-1
30,3,232475,4,9,4,2,4,1,1,0,0,40,1,1
28,3,232945,4,9,4,7,4,4,1,0,0,30,1,1
57,3,233382,11,14,3,5,4,1,1,0,0,40,13,1
41,3,233955,11,14,1,6,3,2,1,0,0,45,12,-1
66,3,234743,2,10,1,5,3,1,1,0,0,50,1,1
44,2,234885,4,9,1,4,1,1,0,0,0,40,1,-1
30,5,235271,1,13,1,6,3,1,1,0,0,50,1,-1
33,3,236396,4,9,3,9,2,1,1,0,0,35,1,1
58,3,236596,4,9,1,9,3,1,1,0,0,45,1,-1
59,3,236731,9,4,1,13,3,1,1,0,0,40,4,1
57,3,236944,4,9,1,8,3,5,1,0,0,40,1,-1
40,3,237601,1,13,3,4,4,4,0,0,0,55,1,-1
43,3,237993,2,10,1,1,3,1,1,0,0,40,1,-1
39,3,238415,1,13,1,5,3,1,1,0,0,50,1,-1
58,3,238438,2,10,1,6,3,1,1,0,0,42,1,1
55,3,238638,4,9,1,4,3,1,1,4386,0,40,1,-1
44,3,240043,13,6,6,9,6,5,0,0,0,30,1,1
40,3,240124,4,9,1,5,3,1,1,0,0,40,1,-1
44,4,240628,6,12,2,5,4,1,0,2354,0,40,1,1
24,3,241523,4,9,1,3,3,1,1,0,0,45,1,-1
34,3,241885,4,9,1,11,3,1,1,0,0,45,1,1
17,3,242773,3,7,3,3,2,1,0,0,0,20,1,1
22,3,242912,4,9,3,3,6,1,0,0,0,35,1,1
46,3,243190,4,9,1,9,1,1,0,7688,0,40,1,-1
48,2,243631,2,10,1,2,3,3,1,7688,0,40,1,-1
22,3,243842,8,5,3,2,2,1,1,0,0,40,1,1
20,3,243878,2,10,3,2,2,1,1,0,0,40,1,1
32,6,244665,4,9,1,2,3,1,1,5178,0,45,1,-1
60,3,245062,4,9,1,2,3,1,1,0,0,40,1,-1
49,3,245305,13,6,1,11,3,5,1,0,0,42,1,-1
34,5,246104,11,14,1,6,3,5,1,0,0,40,1,1
46,2,246212,11,14,1,5,3,1,1,0,0,45,1,-1
44,2,246862,4,9,1,6,1,1,0,0,0,40,17,-1
42,3,247019,4,9,1,2,3,5,1,0,0,40,1,-1
45,2,247379,4,9,1,2,3,1,1,0,0,40,1,-1
69,6,248248,12,2,1,6,3,2,1,0,0,34,16,1
39,3,248694,4,9,3,2,4,1,1,0,0,60,1,1
34,2,250182,3,7,1,11,3,1,1,0,0,60,1,1
35,4,250504,4,9,1,9,3,5,1,0,0,60,1,-1
57,1,250976,4,9,1,2,3,1,1,0,0,40,1,1
64,3,251292,15,3,4,3,5,1,0,0,0,20,13,1
34,3,251421,4,9,1,2,3,1,1,0,0,40,1,1
33,3,251521,3,7,3,9,4,1,0,0,0,35,1,1
50,4,251585,1,13,2,5,4,1,1,0,0,55,1,-1
42,3,251795,2,10,1,6,1,1,0,0,0,50,1,-1
56,3,251836,15,3,1,3,3,1,1,0,0,40,6,1
28,5,251854,2,10,3,9,6,5,0,0,0,40,1,1
52,6,252903,4,9,2,6,4,1,1,0,0,45,1,-1
29,3,253003,4,9,3,7,4,1,1,0,0,16,1,1
21,3,253190,4,9,3,3,2,1,1,0,0,40,1,1
41,6,254630,7,11,2,6,4,1,1,0,0,80,1,1
35,3,255635,8,5,1,2,3,4,1,0,0,40,21,1
58,3,255822,7,11,1,2,3,1,1,0,0,40,1,-1
37,6,257295,2,10,1,5,3,2,1,0,0,75,35,-1
51,3,257337,4,9,1,11,3,1,1,0,0,50,1,1
51,3,259323,1,13,1,5,3,1,1,0,0,50,1,-1
29,6,260729,4,9,1,4,1,1,0,0,1977,25,1,-1
21,6,262062,2,10,3,6,2,1,0,0,0,40,1,1
57,3,262642,4,9,3,9,5,1,0,0,0,40,1,1
22,3,263670,4,9,3,3,2,5,1,0,0,80,1,1
53,2,263925,1,13,1,4,3,1,1,0,0,40,5,-1
53,6,263925,4,9,1,4,3,1,1,99999,0,40,1,-1
47,3,264052,2,10,1,6,3,1,1,0,0,50,1,-1
46,3,265266,1,13,1,6,3,1,1,0,1902,40,1,-1
40,2,266324,2,10,2,5,5,1,1,0,1564,70,14,-1
26,3,266912,4,9,1,4,3,1,1,0,0,50,1,-1
58,3,267663,9,4,1,11,3,1,1,0,0,40,21,1
18,3,267965,3,7,3,4,4,1,0,0,0,15,1,1
29,1,267989,1,13,1,6,3,1,1,0,0,50,1,-1
49,3,268022,1,13,1,4,3,1,1,0,0,50,1,-1
49,3,268090,1,13,1,4,3,1,1,0,0,26,1,-1
49,5,268234,4,9,1,13,3,1,1,0,0,40,1,-1
49,3,268234,13,6,1,5,3,1,1,0,0,40,1,1
62,3,270092,11,14,1,6,3,1,1,0,0,40,1,-1
64,3,270333,1,13,1,6,3,1,1,0,0,40,1,-1
32,3,270335,1,13,1,9,5,1,1,0,0,40,16,-1
27,1,271243,2,10,2,9,6,5,1,0,0,40,19,1
34,3,271933,11,14,3,5,6,1,0,0,0,50,1,1
39,5,272166,1,13,4,6,4,5,1,0,0,30,1,1
30,3,272669,2,10,3,1,4,2,1,0,0,40,1,1
43,3,274363,1,13,1,5,3,1,1,0,1902,40,3,-1
40,3,275446,4,9,3,4,2,5,1,0,0,40,1,1
22,3,276494,4,9,3,7,4,5,1,0,0,40,1,1
69,3,277588,4,9,1,4,3,1,1,0,0,10,1,1
70,3,278139,4,9,1,4,3,1,1,3432,0,40,1,1
25,3,278404,1,13,3,6,4,1,1,0,0,40,1,1
30,2,278522,3,7,3,10,2,5,1,0,0,40,1,1
28,3,278736,15,3,1,8,3,1,1,0,0,40,21,1
24,3,279472,2,10,1,8,1,1,0,7298,0,48,1,-1
42,3,279914,1,13,1,1,3,1,1,0,0,40,1,-1
19,3,279968,4,9,3,9,4,1,0,0,0,42,1,1
37,3,280282,7,11,1,1,1,1,0,0,0,24,1,-1
37,3,280464,2,10,1,5,3,5,1,0,0,80,1,-1
53,1,281590,4,9,1,5,1,1,0,15024,0,40,1,-1
51,3,282744,1,13,1,10,3,1,1,0,0,40,5,1
35,3,283237,4,9,3,8,2,1,1,0,0,40,1,1
31,3,284703,11,14,3,6,4,5,1,0,0,40,1,1
42,3,285066,1,13,1,6,3,1,1,0,0,45,1,-1
45,2,285335,9,4,1,2,3,1,1,0,0,10,1,1
54,3,285854,4,9,1,11,3,1,1,0,0,40,1,-1
19,3,286002,2,10,3,9,5,1,1,0,0,30,33,1
40,3,286370,9,4,1,8,3,1,1,0,0,40,21,-1
26,1,287420,1,13,3,6,4,1,0,0,0,60,1,1
47,3,287828,1,13,1,5,1,1,0,0,0,40,1,-1
24,4,287988,1,13,3,14,4,1,1,0,0,40,1,1
50,1,288353,1,13,1,13,3,1,1,0,0,40,1,-1
40,5,289403,9,4,1,2,3,5,1,0,1887,40,6,-1
35,6,289430,11,14,1,4,3,1,1,0,0,45,21,-1
52,2,289436,14,16,1,6,3,1,1,0,0,60,1,-1
43,2,292175,11,14,2,5,6,1,0,0,0,45,1,-1
35,3,292472,14,16,1,6,3,2,1,0,0,40,28,-1
50,6,293196,4,9,1,5,3,1,1,7298,0,40,1,-1
43,5,293535,1,13,1,6,3,5,1,0,0,40,1,-1
25,3,295108,4,9,3,7,6,5,0,0,0,25,1,1
46,3,295566,14,16,2,6,6,1,0,25236,0,65,1,-1
30,3,296453,1,13,1,9,3,1,1,7298,0,40,1,-1
38,3,296478,7,11,1,2,3,1,1,7298,0,40,1,-1
23,3,297152,2,10,3,9,2,5,0,0,0,25,1,1
32,2,298332,1,13,1,6,3,1,1,0,0,45,1,-1
32,3,299635,7,11,1,2,3,1,1,0,0,45,1,1
19,3,301747,4,9,4,9,2,1,0,0,0,30,1,1
51,3,302579,4,9,2,3,5,5,0,0,0,30,1,1
42,2,303044,4,9,1,10,3,2,1,0,0,40,2,-1
50,3,305147,1,13,1,2,3,1,1,0,0,40,1,1
21,3,305781,4,9,3,7,6,1,1,0,0,45,1,1
47,3,306183,2,10,2,3,2,1,0,0,0,44,1,1
33,1,306309,11,14,3,6,4,1,1,0,0,50,1,1
25,3,306513,2,10,1,9,3,1,1,0,0,45,1,1
59,3,307423,8,5,3,3,4,5,1,0,0,50,1,1
57,3,308861,2,10,4,4,4,1,0,0,0,40,1,1
33,3,309350,4,9,1,9,3,1,1,0,0,40,1,1
23,3,309580,11,14,3,6,4,1,1,0,0,40,1,1
48,2,309895,2,10,2,7,2,1,0,0,0,40,1,1
24,3,310380,2,10,6,9,2,5,0,0,0,45,1,1
33,2,310525,10,8,3,2,4,5,1,0,0,32,1,1
26,3,311497,1,13,3,5,4,1,0,0,0,40,1,1
52,4,312500,7,11,2,10,4,1,0,0,0,40,1,1
38,1,312528,1,13,1,5,3,1,1,0,0,37,1,1
42,3,313945,11,14,1,4,3,1,1,0,0,40,27,1
39,3,315291,4,9,3,9,6,5,0,0,0,40,1,1
58,3,316235,4,9,2,4,5,1,0,0,0,32,1,1
58,3,317479,4,9,2,8,4,5,0,0,0,40,1,1
32,6,317660,4,9,1,2,3,1,1,7688,0,40,1,-1
45,5,318280,4,9,5,13,4,1,1,0,0,40,1,-1
33,4,319560,7,11,2,2,6,5,0,0,0,40,1,-1
45,4,320818,4,9,1,9,3,5,1,0,0,80,1,-1
44,6,320984,2,10,1,4,3,1,1,5178,0,60,1,-1
44,3,323627,1,13,3,5,4,1,0,0,0,5,1,1
48,1,327886,14,16,2,6,2,1,1,0,0,50,1,-1
39,6,329980,1,13,1,5,3,1,1,15024,0,50,1,-1
37,3,329980,11,14,1,5,3,1,1,0,2415,60,1,-1
31,3,332379,4,9,3,8,4,1,1,0,0,40,1,1
22,3,332657,2,10,3,6,4,1,0,0,0,40,1,1
28,3,334032,7,11,3,4,4,1,1,0,0,50,1,1
52,2,334273,1,13,1,6,3,1,1,0,0,60,1,-1
44,2,335183,10,8,1,7,3,5,1,0,0,40,1,-1
56,2,335605,4,9,1,3,3,1,1,0,1887,50,5,-1
18,3,335665,3,7,3,3,5,5,0,0,0,24,1,1
36,3,336595,4,9,1,5,3,1,1,0,0,50,1,-1
34,3,337587,2,10,1,6,3,1,1,0,0,50,1,-1
21,1,337766,2,10,3,6,2,1,1,0,0,20,1,1
57,4,337895,1,13,1,6,3,5,1,0,0,40,1,-1
42,5,339671,1,13,6,6,4,1,0,8614,0,45,1,-1
30,3,340917,4,9,3,2,4,1,1,0,0,40,1,1
42,3,341204,6,12,2,6,6,1,0,8614,0,40,1,-1
22,3,341227,2,10,3,9,4,1,1,0,0,20,1,1
19,3,343200,2,10,3,4,2,1,0,0,0,25,1,1
44,3,343591,4,9,2,2,4,1,0,14344,0,40,1,-1
38,1,343642,4,9,1,6,1,1,0,0,0,40,1,-1
44,3,344060,1,13,3,3,4,1,1,0,0,40,1,-1
47,3,344916,6,12,2,11,4,5,1,0,0,40,1,1
40,1,345969,6,12,1,9,3,1,1,0,0,40,1,-1
20,6,347292,4,9,3,6,2,1,1,0,0,32,1,1
35,3,347491,7,11,3,2,4,1,1,0,0,40,1,1
40,3,347890,1,13,1,6,3,1,1,0,0,40,1,-1
55,2,349910,6,12,1,4,3,1,1,0,0,60,1,1
29,3,350162,1,13,1,5,1,1,1,0,0,40,1,-1
65,3,350498,1,13,1,9,3,1,1,10605,0,20,1,-1
39,5,352628,6,12,1,2,1,1,0,0,0,50,1,-1
40,3,353432,13,6,2,8,4,1,0,0,0,35,1,1
36,3,354078,1,13,1,6,3,1,1,0,0,60,1,-1
33,3,354573,11,14,1,6,3,1,1,15024,0,44,1,-1
29,1,356089,1,13,1,5,3,1,1,7688,0,40,1,-1
50,1,356619,4,9,1,6,3,1,1,0,0,48,1,-1
22,2,357612,4,9,1,2,3,1,1,0,0,60,1,1
47,3,363418,2,10,3,4,4,1,1,0,0,70,1,-1
57,6,366563,2,10,2,6,4,1,0,0,0,40,1,1
59,3,368005,3,7,1,2,3,1,1,0,0,40,1,1
45,3,368561,4,9,1,5,3,1,1,0,0,55,1,-1
35,6,368825,2,10,1,4,3,1,1,0,0,60,1,-1
43,4,369468,1,13,1,6,3,1,1,0,0,40,1,-1
20,6,369678,4,9,3,6,4,4,1,0,0,43,1,1
47,2,370119,1,13,1,4,3,1,1,15024,0,50,1,-1
46,3,370119,5,15,1,6,3,1,1,99999,0,60,1,-1
39,3,370585,4,9,4,8,4,5,1,0,0,40,1,1
59,6,372020,1,13,1,6,3,1,1,0,0,40,1,-1
40,3,374764,2,10,2,7,4,1,1,0,0,40,1,1
42,3,376072,4,9,1,11,3,1,1,0,0,30,1,1
36,3,376455,7,11,2,2,4,1,1,0,0,38,1,1
20,3,379198,4,9,3,3,5,4,1,0,0,40,21,1
37,3,379522,1,13,1,4,3,1,1,0,0,55,1,-1
22,3,383603,2,10,3,9,2,1,0,0,0,40,1,1
23,3,384651,2,10,1,7,3,1,1,0,0,40,1,1
51,3,386773,1,13,3,4,4,1,1,0,0,55,1,-1
55,3,387569,4,9,1,2,3,1,1,4386,0,40,1,-1
40,1,391736,7,11,1,2,3,1,1,0,0,40,1,1
40,4,391744,4,9,3,9,6,5,0,0,0,40,1,1
55,3,393768,7,11,1,5,3,1,1,0,0,40,1,1
46,1,394860,1,13,1,6,3,1,1,0,0,38,1,1
37,6,395831,1,13,1,5,3,1,1,0,0,80,1,-1
44,6,398473,2,10,1,4,3,1,1,0,0,70,1,-1
22,3,401690,2,10,3,4,2,1,0,0,0,20,21,1
24,3,403671,1,13,3,6,4,1,1,0,0,40,1,1
25,3,404616,11,14,1,10,4,1,1,0,0,99,1,-1
44,3,408717,4,9,2,4,4,1,1,3674,0,50,1,1
36,3,410034,6,12,1,2,3,1,1,0,0,45,1,1
51,3,410114,11,14,1,2,3,1,1,0,0,40,1,-1
28,3,410351,2,10,1,10,3,1,1,0,0,40,1,1
43,4,410867,14,16,3,6,4,1,0,0,0,50,1,-1
51,3,415287,4,9,1,8,3,5,1,0,1902,40,1,-1
23,3,419554,4,9,1,5,3,1,1,0,0,54,1,1
59,5,420537,4,9,1,9,1,1,0,0,0,38,1,-1
41,3,421871,4,9,1,2,3,5,1,0,0,40,1,-1
57,4,425161,11,14,1,4,3,1,1,15024,0,40,1,-1
32,3,430175,4,9,2,2,5,5,0,0,0,50,1,1
41,3,445382,11,14,1,5,3,1,1,0,1977,65,1,-1
42,5,445382,1,13,4,5,4,1,1,0,0,45,1,-1
28,1,445824,11,14,1,6,1,1,0,0,0,50,1,-1
18,3,446771,2,10,3,9,2,1,1,0,0,25,1,1
37,4,448337,4,9,3,5,6,5,0,0,0,40,1,1
35,2,454915,8,5,1,2,3,1,1,0,0,40,1,1
33,3,460408,4,9,3,4,4,1,1,3325,0,50,1,1
36,3,461337,2,10,1,9,1,1,0,0,0,40,1,1
23,3,462294,6,12,3,3,2,5,1,0,0,44,1,1
34,3,467108,2,10,3,6,4,1,1,0,0,50,1,-1
27,3,472070,7,11,3,8,4,1,1,0,0,40,1,1
26,3,485117,6,12,3,2,4,1,1,0,0,40,1,1
31,3,500002,12,2,1,10,3,1,1,0,0,45,21,1
39,3,505119,11,14,1,5,3,1,1,0,0,40,13,-1
32,3,509350,2,10,1,7,3,1,1,0,0,50,5,-1
19,1,536725,2,10,3,9,5,1,0,0,0,15,9,1
46,3,563883,4,9,1,2,3,5,1,0,0,60,1,-1
37,3,635913,1,13,3,5,4,5,1,0,0,60,1,-1
50,3,767403,4,9,1,8,3,1,1,3103,0,40,1,-1